716.004,-860.627,1298.2
719.688,-857.573,1299.74
723.389,-854.506,1301.23
727.196,-851.4,1302.83
731.086,-848.28,1304.39
734.699,-845.215,1305.99
738.658,-841.813,1307.4
742.428,-838.512,1309
746.293,-834.779,1310.58
750.374,-831.87,1311.87
754.386,-828.333,1313.58
758.465,-824.691,1314.99
762.276,-821.832,1315.99
766.453,-818.177,1317.27
770.548,-814.844,1318.72
774.665,-811.278,1319.91
778.867,-807.74,1321.2
783.041,-804.302,1322.15
787.156,-800.705,1323.36
791.549,-796.86,1324.39
795.731,-793.26,1325.48
800.134,-789.436,1326.3
804.254,-786.016,1327.13
808.679,-782.115,1328.08
813.067,-778.229,1328.85
817.178,-774.998,1329.4
821.794,-770.783,1330.22
826.172,-766.971,1330.92
830.571,-763.172,1331.5
835.122,-759.243,1332.19
839.508,-755.042,1332.64
844.095,-751.066,1333.11
848.621,-747.165,1333.63
853.163,-742.883,1333.88
857.772,-738.937,1334.22
862.545,-734.664,1334.51
867.141,-730.544,1334.65
871.701,-726.526,1334.75
876.457,-722.18,1334.84
881.118,-717.964,1334.71
885.95,-713.752,1334.8
890.857,-709.679,1334.94
895.505,-705.059,1334.61
900.377,-700.591,1334.37
905.308,-696.194,1334.17
910.161,-691.587,1333.91
914.995,-687.27,1333.5
919.789,-682.648,1333.06
924.725,-678.085,1332.51
929.688,-673.586,1332.04
934.674,-668.885,1331.41
939.587,-664.212,1330.67
944.593,-659.527,1330.11
949.522,-654.842,1329.28
954.501,-650.079,1328.5
959.418,-645.353,1327.65
964.524,-640.541,1326.85
969.491,-635.822,1325.98
974.488,-630.923,1324.89
979.506,-626.018,1323.78
984.601,-621.295,1323.01
989.555,-616.259,1321.82
994.476,-611.447,1320.79
999.636,-606.576,1319.69
1004.59,-601.451,1318.39
1009.67,-596.554,1317.3
1014.81,-591.609,1316.12
1019.79,-586.435,1314.76
1024.93,-581.493,1313.44
1029.96,-576.496,1312.22
1035.02,-571.345,1310.63
1040.04,-566.165,1309.28
1045.05,-561.24,1307.82
1050.13,-556.151,1306.35
1055.14,-551.033,1304.91
1060.22,-546.077,1303.38
1065.26,-540.918,1301.89
1070.28,-535.711,1300.48
1075.3,-530.544,1298.74
1080.34,-525.366,1297.28
1085.37,-520.261,1295.72
1090.56,-514.54,1294.05
1095.58,-509.215,1292.72
1100.61,-503.979,1291.06
1105.59,-498.87,1289.59
1110.55,-493.747,1287.98
1115.58,-488.543,1286.4
1120.57,-483.508,1284.86
1125.54,-478.365,1283.24
1130.46,-473.112,1281.69
1135.4,-467.899,1280.12
1140.16,-463.294,1277.96
1145.05,-457.81,1276.71
1149.88,-452.493,1275.04
1154.59,-447.599,1273
1159.45,-442.327,1271.23
1164.18,-437.047,1269.84
1168.86,-431.875,1268.31
1173.59,-426.574,1266.88
1178.29,-421.337,1265.47
1182.84,-415.923,1264.17
1187.4,-410.727,1262.96
1192.05,-405.522,1261.89
1196.61,-400.216,1260.87
1201.01,-394.986,1259.95
1205.38,-389.735,1259.16
1209.94,-384.459,1258.65
1214.17,-379.199,1258
1218.4,-373.926,1257.46
1222.74,-368.553,1257.29
1226.9,-363.241,1257.19
1231.06,-357.945,1257.2
1235.16,-352.659,1257.4
1239.23,-347.394,1257.69
1243.31,-342.101,1258.17
1247.29,-336.752,1258.8
1251.28,-331.477,1259.53
1255.26,-325.617,1260.46
1259.14,-320.29,1261.42
1262.99,-314.889,1262.33
1266.87,-309.469,1263.61
1270.58,-304.114,1264.81
1274.51,-298.562,1266.1
1278.21,-293.119,1267.54
1282.02,-287.822,1269.03
1285.97,-281.665,1271
1289.74,-276.159,1272.59
1293.24,-270.943,1274.69
1296.59,-265.829,1276.69
1300.15,-260.319,1278.88
1303.68,-254.856,1281.11
1307.4,-249.309,1283.72
1310.86,-243.697,1286.12
1314.25,-238.667,1288.43
1317.63,-233.119,1290.83
1320.91,-227.575,1293.43
1324.17,-222.146,1296.06
1327.43,-216.565,1298.76
1330.62,-211.144,1301.49
1333.68,-205.694,1304.19
1336.71,-200.218,1306.89
1339.75,-194.725,1309.71
1342.7,-189.393,1312.55
1345.55,-184.117,1315.26
1348.4,-178.775,1318.17
1351.06,-173.508,1321.01
1353.78,-168.272,1323.77
1356.36,-163.04,1326.6
1358.87,-157.763,1329.5
1361.23,-152.413,1332.59
1363.6,-147.959,1335.06
1365.87,-143.467,1337.53
1368.05,-137.986,1340.71
1370.11,-133.064,1343.4
1372.16,-128.311,1346.17
1374.22,-123.695,1348.97
1376.06,-119.108,1351.76
1377.81,-114.529,1354.44
1379.48,-110.145,1357.02
1381.17,-105.783,1359.75
1382.61,-101.524,1362.31
1384.08,-97.2958,1364.85
1385.53,-93.2005,1367.36
1386.8,-89.2532,1369.79
1387.99,-85.2133,1372.09
1389.01,-81.3812,1374.31
1390.15,-77.6122,1376.68
1391.01,-73.9951,1378.79
1391.99,-70.3,1381.06
1392.85,-66.8986,1383.01
1393.68,-63.4675,1385.06
1394.46,-60.1303,1387.14
1395.11,-56.9944,1389.13
1395.69,-53.8824,1390.97
1396.23,-50.9457,1392.85
1396.66,-48.0379,1394.65
1397.1,-45.1671,1396.38
1397.56,-42.5133,1398.1
1397.89,-39.8184,1399.75
1398.11,-37.3406,1401.29
1398.34,-34.7944,1402.81
1398.46,-32.4763,1404.23
1398.52,-30.0235,1405.56
1398.7,-27.8229,1406.91
1398.62,-25.7352,1408.17
1398.53,-23.7306,1409.33
1398.49,-21.7546,1410.42
1398.36,-19.911,1411.57
1398.2,-18.2064,1412.51
1397.99,-16.5759,1413.44
1397.58,-15.2238,1413.98
1397.41,-13.4047,1415.05
1397.11,-12.0603,1415.82
1396.83,-10.7514,1416.45
1396.47,-9.48497,1416.91
1396.06,-8.3336,1417.39
1395.74,-7.3281,1417.83
1395.3,-6.41693,1418.26
1394.88,-5.62273,1418.43
1394.54,-4.79801,1418.9
1394.17,-4.18043,1419.15
1393.8,-3.65044,1419.41
1393.46,-3.1794,1419.63
1393.02,-2.78027,1419.78
1392.65,-2.50054,1420.01
1392.28,-2.26311,1420.24
1391.92,-2.08863,1420.5
1391.52,-1.99952,1420.8
1391.14,-1.93256,1420.88
1390.69,-1.8722,1421.12
1390.18,-1.88632,1421.33
1389.71,-2.03188,1421.6
1389.24,-2.20691,1421.85
1388.83,-2.45654,1422.25
1388.35,-2.68814,1422.61
1387.84,-2.9722,1423
1387.29,-3.25824,1423.31
1386.75,-3.55242,1423.55
1386.19,-3.90401,1423.87
1385.59,-4.28773,1424.29
1384.96,-4.68397,1424.64
1384.43,-5.07847,1425.01
1383.93,-5.47943,1425.36
1383.38,-5.835,1425.59
1382.8,-6.28856,1425.86
1382.3,-6.70607,1426.25
1381.83,-7.13481,1426.64
1381.3,-7.5135,1426.9
1380.8,-7.96629,1427.13
1380.39,-8.47236,1427.43
1379.99,-8.97823,1427.74
1379.62,-9.53627,1428.11
1379.32,-10.0658,1428.47
1379.01,-10.6683,1428.74
1378.66,-11.2334,1429.05
1378.45,-11.8343,1429.34
1378.25,-12.4953,1429.74
1378.13,-13.1071,1430.13
1377.9,-13.7426,1430.35
1377.63,-14.3408,1430.64
1377.57,-14.9468,1430.93
1377.58,-15.6883,1431.28
1377.61,-16.4044,1431.63
1377.6,-17.0403,1431.83
1377.59,-17.709,1432.02
1377.72,-18.4464,1432.37
1377.89,-19.2153,1432.66
1378,-19.9814,1432.89
1378.17,-20.6967,1433.11
1378.35,-21.3698,1433.24
1378.56,-22.0733,1433.29
1378.87,-22.7531,1433.41
1379.2,-23.4781,1433.53
1379.53,-24.1685,1433.77
1379.9,-25.0184,1433.66
1380.2,-25.8161,1433.39
1380.57,-26.3126,1433.49
1380.97,-27.0574,1433.43
1381.44,-27.7948,1433.36
1381.88,-28.5484,1433.18
1382.32,-29.2556,1433
1382.75,-29.9693,1432.72
1383.25,-30.6773,1432.45
1383.7,-31.5073,1432.18
1384.24,-32.1555,1431.85
1384.82,-32.8142,1431.41
1385.34,-33.4804,1430.95
1385.8,-34.2296,1430.51
1386.37,-34.9377,1429.98
1386.98,-35.6544,1429.48
1387.61,-36.416,1428.83
1388.15,-37.1336,1428.25
1388.84,-37.9895,1427.66
1389.57,-38.7417,1426.99
1390.22,-39.5003,1426.42
1390.93,-40.3667,1425.73
1391.75,-41.262,1425.01
1392.53,-42.0711,1424.38
1393.28,-42.9292,1423.53
1394.12,-43.7453,1422.79
1394.82,-44.6339,1421.87
1395.61,-45.454,1420.9
1396.41,-46.3755,1419.99
1397.23,-47.2742,1419.07
1398.05,-48.2278,1418.08
1398.89,-49.1181,1417.28
1399.71,-50.1118,1416.3
1400.6,-51.1292,1415.36
1401.48,-52.1502,1414.47
1402.32,-53.1161,1413.42
1403.22,-54.0516,1412.55
1404.19,-55.0348,1411.65
1405.01,-56.0515,1410.6
1405.89,-57.0651,1409.63
1406.84,-58.0014,1408.65
1407.73,-59.0154,1407.68
1408.66,-59.9818,1406.75
1409.48,-60.9623,1405.81
1410.41,-61.9217,1404.84
1411.37,-62.8795,1403.94
1412.21,-63.6822,1403.02
1412.99,-64.5275,1402.27
1413.93,-65.5708,1401.4
1414.84,-66.3687,1400.67
1415.69,-67.2049,1399.91
1416.61,-68.1091,1399.11
1417.58,-68.5534,1398.61
1418.43,-69.3192,1397.81
1419.35,-70.0147,1397.12
1420.34,-70.814,1396.5
1421.29,-71.5926,1395.71
1422.17,-72.2504,1395.04
1423.07,-72.8285,1394.38
1424.07,-73.4859,1393.6
1424.96,-74.2348,1392.93
1425.78,-74.8221,1392.21
1426.74,-75.3125,1391.57
1427.66,-75.8344,1390.87
1428.69,-76.319,1390.16
1429.62,-76.8424,1389.57
1430.58,-77.2238,1388.95
1431.5,-77.5903,1388.26
1432.4,-77.9006,1387.5
1433.25,-78.2154,1386.88
1434.09,-78.4823,1386.22
1434.91,-78.7362,1385.58
1435.75,-79.0711,1384.88
1436.53,-79.3192,1384.29
1437.2,-79.5399,1383.59
1437.91,-79.7325,1382.91
1438.7,-79.8782,1382.21
1439.42,-80.0467,1381.57
1440.09,-80.203,1380.92
1440.71,-80.3354,1380.22
1441.32,-80.5079,1379.59
1441.98,-80.6366,1378.85
1442.53,-80.7015,1378.11
1443.05,-80.8077,1377.39
1443.64,-80.7576,1376.67
1444.14,-80.7821,1375.87
1444.68,-80.8655,1375.12
1445.16,-80.9595,1374.37
1445.7,-81.0084,1373.59
1446.15,-80.9972,1372.78
1446.58,-81.0969,1372.02
1447,-81.1598,1371.33
1447.46,-81.2217,1370.6
1447.93,-81.283,1369.88
1448.32,-81.3179,1369.3
1448.66,-81.3363,1368.5
1449,-81.37,1367.81
1449.32,-81.4053,1367.05
1449.57,-81.3958,1366.41
1449.87,-81.4129,1365.8
1450.07,-81.3665,1365.18
1450.21,-81.3285,1364.57
1450.37,-81.3147,1364.05
1450.41,-81.3795,1363.6
1450.43,-81.4483,1363.11
1450.49,-81.5043,1362.58
1450.47,-81.5923,1362.19
1450.47,-81.7134,1361.73
1450.37,-81.8005,1361.26
1450.21,-81.9632,1360.79
1450,-82.0936,1360.41
1449.75,-82.2934,1360.06
1449.45,-82.5474,1359.64
1449.2,-82.7463,1359.3
1448.88,-83.0838,1359
1448.54,-83.4517,1358.72
1448.16,-83.8331,1358.52
1447.75,-84.3255,1358.38
1447.29,-84.9354,1358.23
1446.76,-85.503,1358.09
1446.24,-86.158,1357.96
1445.7,-86.7609,1357.9
1445.07,-87.4458,1357.88
1444.31,-88.5319,1357.66
1443.65,-89.4118,1357.62
1442.94,-90.1046,1357.7
1442.17,-90.9044,1357.92
1441.41,-91.7834,1358.02
1440.58,-92.5593,1358.18
1439.62,-93.4548,1358.44
1438.79,-94.3694,1358.65
1437.92,-95.2293,1358.85
1436.95,-96.0355,1359.15
1435.99,-96.8744,1359.51
1434.97,-97.8189,1359.71
1433.91,-98.6586,1360
1432.94,-99.3627,1360.29
1431.72,-100.122,1360.57
1430.59,-100.943,1360.68
1429.47,-101.671,1360.89
1428.34,-102.343,1361.11
1427.19,-102.977,1361.31
1426.09,-103.676,1361.49
1424.75,-104.416,1361.52
1423.54,-105.078,1361.62
1422.26,-105.646,1361.72
1420.95,-106.279,1361.76
1419.67,-106.788,1361.84
1418.34,-107.315,1361.86
1417.02,-107.73,1362.01
1415.63,-108.325,1361.79
1414.11,-108.796,1361.74
1412.77,-109.337,1361.88
1411.38,-109.675,1362.25
1409.86,-110.169,1362.21
1408.39,-110.527,1362.41
1406.89,-111.029,1362.47
1405.42,-111.577,1362.99
1403.48,-112.643,1362.61
1402.02,-113.053,1362.71
1400.47,-113.513,1362.73
1398.92,-113.948,1362.77
1397.62,-113.991,1363.1
1395.69,-114.944,1362.83
1394.16,-115.404,1363.03
1392.5,-115.874,1363.12
1390.89,-116.34,1363.18
1389.25,-116.894,1363.19
1387.55,-117.393,1363.23
1385.96,-117.861,1363.38
1384.29,-118.497,1363.52
1382.62,-119.095,1363.6
1380.94,-119.708,1363.69
1379.22,-120.243,1363.91
1377.73,-120.839,1364.23
1375.97,-121.524,1364.42
1374.36,-122.078,1364.52
1372.65,-122.555,1364.62
1371.05,-123.209,1364.85
1369.42,-123.847,1365.07
1367.81,-124.571,1365.25
1366.21,-125.166,1365.43
1364.44,-125.807,1365.56
1362.93,-126.536,1365.77
1361.35,-127.237,1365.92
1359.84,-127.867,1366.24
1358.26,-128.551,1366.23
1356.65,-129.313,1366.57
1355.17,-129.961,1366.81
1353.69,-130.705,1367.04
1352.21,-131.438,1367.24
1350.6,-132.21,1367.46
1349.15,-132.965,1367.62
1347.77,-133.767,1367.9
1346.39,-134.643,1368.03
1344.93,-135.403,1368.33
1343.64,-136.132,1368.67
1342.33,-136.895,1368.88
1340.98,-137.7,1369.18
1339.71,-138.44,1369.44
1338.33,-139.309,1369.78
1337.12,-140.137,1369.98
1335.91,-140.901,1370.31
1334.64,-141.709,1370.6
1333.47,-142.6,1370.94
1332.37,-143.316,1371.21
1331.23,-144.187,1371.54
1330.11,-145.048,1371.84
1329.05,-145.92,1372.13
1328.05,-146.697,1372.58
1327.03,-147.54,1372.97
1326.05,-148.436,1373.35
1325.05,-149.255,1373.74
1324.09,-150.053,1374.04
1323.17,-150.948,1374.46
1322.27,-151.846,1374.99
1321.51,-152.637,1375.43
1320.71,-153.426,1375.97
1319.86,-154.315,1376.44
1319.04,-155.194,1376.89
1318.35,-155.985,1377.37
1317.71,-156.85,1377.9
1317,-157.629,1378.46
1316.28,-158.394,1378.86
1315.69,-159.266,1379.27
1315.05,-160.149,1379.75
1314.53,-160.959,1380.37
1314.02,-161.794,1380.86
1313.51,-162.56,1381.31
1313.03,-163.327,1381.77
1312.53,-164.195,1382.25
1312.11,-165.073,1382.68
1311.68,-165.878,1383.15
1311.32,-166.738,1383.7
1311.05,-167.556,1384.2
1310.8,-168.471,1384.62
1310.45,-169.295,1385.18
1310.23,-170.174,1385.7
1310.1,-171.146,1386.14
1309.96,-172.015,1386.49
1309.84,-172.879,1386.89
1309.74,-173.816,1387.17
1309.68,-174.626,1387.57
1309.65,-175.51,1387.88
1309.58,-176.335,1388.25
1309.62,-177.166,1388.57
1309.63,-177.988,1388.83
1309.69,-178.737,1389.05
1309.77,-179.536,1389.24
1309.84,-180.341,1389.41
1309.96,-181.033,1389.49
1310.12,-181.748,1389.55
1310.36,-182.501,1389.6
1310.63,-183.214,1389.54
1310.87,-183.782,1389.48
1311.11,-184.356,1389.33
1311.37,-184.964,1389.09
1311.64,-185.507,1388.89
1311.95,-185.986,1388.7
1312.24,-186.446,1388.48
1312.55,-186.925,1388.24
1312.86,-187.333,1387.99
1313.21,-187.693,1387.7
1313.58,-188.029,1387.4
1313.94,-188.341,1387.11
1314.28,-188.613,1386.86
1314.62,-188.931,1386.61
1315.01,-189.227,1386.33
1315.36,-189.559,1386.05
1315.77,-189.82,1385.67
1316.19,-190.12,1385.38
1316.62,-190.305,1385.08
1317.01,-190.497,1384.8
1317.38,-190.681,1384.46
1317.82,-190.766,1384.13
1318.31,-190.862,1383.7
1318.79,-190.976,1383.21
1319.21,-191.078,1382.87
1319.58,-191.172,1382.47
1320.12,-191.253,1382.07
1320.62,-191.269,1381.61
1321.1,-191.296,1381.13
1321.5,-191.293,1380.71
1321.98,-191.266,1380.32
1322.46,-191.29,1379.78
1322.92,-191.316,1379.14
1323.33,-191.296,1378.59
1323.78,-191.244,1378.16
1324.24,-191.19,1377.65
1324.73,-191.106,1377.14
1325.14,-191.015,1376.7
1325.57,-190.913,1376.25
1325.94,-190.746,1375.63
1326.39,-190.544,1375.11
1326.74,-190.36,1374.55
1327.14,-190.165,1374.12
1327.56,-190.037,1373.66
1327.99,-189.804,1373.23
1328.39,-189.568,1372.77
1328.71,-189.349,1372.3
1329.05,-189.06,1371.8
1329.38,-188.82,1371.36
1329.66,-188.598,1370.96
1329.95,-188.381,1370.62
1330.24,-188.171,1370.21
1330.5,-187.97,1369.86
1330.74,-187.719,1369.49
1330.96,-187.45,1369.22
1331.21,-187.137,1368.98
1331.36,-186.834,1368.85
1331.49,-186.536,1368.72
1331.59,-186.25,1368.65
1331.7,-185.911,1368.56
1331.78,-185.627,1368.54
1331.83,-185.341,1368.48
1331.83,-185.044,1368.42
1331.89,-184.705,1368.44
1331.87,-184.406,1368.45
1331.82,-184.096,1368.45
1331.81,-183.766,1368.43
1331.67,-183.429,1368.45
1331.55,-183.083,1368.5
1331.4,-182.735,1368.58
1331.2,-182.379,1368.67
1330.93,-182.062,1368.75
1330.69,-181.749,1368.84
1330.46,-181.442,1369.04
1330.18,-181.151,1369.23
1329.87,-180.854,1369.39
1329.51,-180.571,1369.64
1329.18,-180.269,1369.91
1328.8,-180.05,1370.13
1328.43,-179.827,1370.33
1328.08,-179.683,1370.48
1327.72,-179.512,1370.65
1327.33,-179.342,1370.96
1326.94,-179.248,1371.29
1326.54,-179.096,1371.64
1326.12,-178.995,1371.96
1325.71,-178.898,1372.3
1325.39,-178.882,1372.76
1324.98,-178.848,1373.19
1324.5,-178.798,1373.63
1324.12,-178.771,1374.18
1323.77,-178.76,1374.72
1323.45,-178.747,1375.32
1323.08,-178.733,1376
1322.72,-178.649,1376.7
1322.32,-178.569,1377.19
1322.01,-178.516,1377.74
1321.68,-178.458,1378.37
1321.31,-178.383,1379.17
1321.06,-178.271,1379.9
1320.82,-178.222,1380.6
1320.53,-178.116,1381.28
1320.14,-177.945,1381.92
1319.85,-177.733,1382.59
1319.56,-177.474,1383.17
1319.33,-177.209,1383.78
1318.99,-176.982,1384.41
1318.71,-176.748,1385.04
1318.42,-176.465,1385.55
1318.16,-176.133,1386.01
1317.97,-175.83,1386.51
1317.74,-175.504,1387.06
1317.47,-175.241,1387.56
1317.18,-175.007,1388.08
1316.92,-174.752,1388.54
1316.64,-174.537,1388.82
1316.4,-174.309,1389.28
1316.09,-173.976,1389.74
1315.77,-173.666,1390.14
1315.45,-173.314,1390.52
1315.15,-173.009,1390.84
1314.85,-172.722,1391.18
1314.56,-172.446,1391.4
1314.22,-172.251,1391.67
1313.88,-172.031,1391.96
1313.53,-171.856,1392.24
1313.22,-171.646,1392.57
1312.94,-171.474,1392.83
1312.56,-171.361,1393.02
1312.26,-171.227,1393.22
1311.92,-171.127,1393.42
1311.55,-170.992,1393.62
1311.19,-170.87,1393.81
1310.75,-170.717,1393.98
1310.33,-170.57,1394.07
1309.95,-170.394,1394.14
1309.63,-170.276,1394.26
1309.26,-170.162,1394.36
1308.86,-170.07,1394.53
1308.5,-169.995,1394.58
1308.05,-169.922,1394.63
1307.62,-169.901,1394.67
1307.17,-169.9,1394.66
1306.83,-169.893,1394.77
1306.44,-169.909,1394.81
1306.02,-169.88,1394.79
1305.62,-169.927,1394.82
1305.23,-169.928,1394.83
1304.89,-169.864,1394.89
1304.46,-169.848,1394.87
1304.05,-169.801,1394.93
1303.64,-169.827,1394.99
1303.24,-169.896,1395.1
1302.83,-169.933,1395.18
1302.43,-169.978,1395.27
1302.1,-169.978,1395.45
1301.71,-170.021,1395.54
1301.37,-170.046,1395.7
1300.99,-170.053,1395.86
1300.67,-170.111,1396.02
1300.36,-170.09,1396.17
1300.03,-170.152,1396.32
1299.72,-170.171,1396.4
1299.37,-170.202,1396.51
1299.08,-170.248,1396.54
1298.74,-170.269,1396.69
1298.47,-170.25,1396.9
1298.14,-170.211,1397.01
1297.83,-170.154,1397.13
1297.57,-170.079,1397.26
1297.32,-170.058,1397.33
1297.09,-169.979,1397.43
1296.84,-169.893,1397.54
1296.57,-169.802,1397.64
1296.31,-169.747,1397.67
1296.06,-169.68,1397.67
1295.84,-169.648,1397.7
1295.64,-169.624,1397.77
1295.38,-169.568,1397.81
1295.22,-169.541,1397.88
1295.02,-169.477,1397.95
1294.85,-169.403,1398.04
1294.64,-169.306,1398.14
1294.42,-169.227,1398.23
1294.22,-169.17,1398.33
1294.04,-169.056,1398.45
1293.82,-168.991,1398.54
1293.69,-168.901,1398.56
1293.5,-168.83,1398.63
1293.35,-168.737,1398.63
1293.2,-168.692,1398.7
1293.05,-168.607,1398.69
1292.96,-168.494,1398.73
1292.87,-168.452,1398.73
1292.76,-168.397,1398.67
1292.66,-168.25,1398.69
1292.6,-168.128,1398.71
1292.49,-167.979,1398.69
1292.46,-167.822,1398.73
1292.41,-167.638,1398.66
1292.36,-167.415,1398.68
1292.3,-167.208,1398.7
1292.27,-166.987,1398.61
1292.26,-166.748,1398.6
1292.25,-166.534,1398.55
1292.26,-166.289,1398.48
1292.24,-165.991,1398.33
1292.26,-165.771,1398.27
1292.24,-165.478,1398.12
1292.33,-165.133,1398.04
1292.37,-164.842,1397.87
1292.46,-164.533,1397.77
1292.51,-164.182,1397.66
1292.6,-163.872,1397.45
1292.63,-163.511,1397.3
1292.7,-163.253,1397.17
1292.74,-162.893,1397.05
1292.8,-162.514,1396.93
1292.88,-162.124,1396.74
1292.94,-161.705,1396.61
1293.04,-161.274,1396.46
1293.18,-160.877,1396.26
1293.23,-160.485,1396
1293.3,-160.124,1395.84
1293.38,-159.801,1395.65
1293.45,-159.433,1395.42
1293.54,-159.1,1395.14
1293.67,-158.781,1394.9
1293.78,-158.4,1394.62
1293.92,-158.066,1394.41
1294,-157.707,1394.21
1294.1,-157.318,1394
1294.19,-157.027,1393.84
1294.29,-156.615,1393.65
1294.3,-156.264,1393.45
1294.35,-155.884,1393.15
1294.44,-155.606,1392.95
1294.53,-155.257,1392.65
1294.64,-154.987,1392.43
1294.77,-154.7,1392.21
1294.88,-154.442,1392.07
1295.01,-154.136,1391.9
1295.11,-153.788,1391.72
1295.22,-153.544,1391.49
1295.32,-153.2,1391.27
1295.43,-152.847,1391.08
1295.52,-152.553,1390.85
1295.55,-152.222,1390.62
1295.64,-151.922,1390.46
1295.77,-151.634,1390.37
1295.86,-151.375,1390.22
1295.96,-151.059,1390.12
1296.09,-150.706,1390.03
1296.18,-150.443,1389.85
1296.26,-150.16,1389.78
1296.4,-149.863,1389.69
1296.46,-149.529,1389.61
1296.57,-149.245,1389.48
1296.64,-148.969,1389.39
1296.69,-148.653,1389.24
1296.85,-148.395,1389.19
1296.94,-148.079,1389.17
1296.99,-147.757,1389.15
1297.14,-147.414,1389.1
1297.18,-147.056,1389.05
1297.24,-146.763,1388.96
1297.34,-146.443,1388.94
1297.4,-146.056,1388.85
1297.5,-145.681,1388.85
1297.61,-145.302,1388.85
1297.76,-144.906,1388.86
1297.84,-144.595,1388.78
1297.94,-144.196,1388.75
1298.02,-143.804,1388.71
1298.2,-143.393,1388.78
1298.36,-143.02,1388.8
1298.46,-142.649,1388.73
1298.54,-142.221,1388.72
1298.68,-141.831,1388.76
1298.8,-141.37,1388.73
1298.95,-140.962,1388.79
1299.03,-140.551,1388.8
1299.13,-140.193,1388.75
1299.3,-139.782,1388.8
1299.37,-139.404,1388.86
1299.49,-138.969,1388.85
1299.64,-138.52,1388.86
1299.76,-138.071,1388.88
1299.92,-137.627,1388.92
1300.06,-137.138,1388.98
1300.2,-136.726,1389.02
1300.32,-136.337,1388.99
1300.46,-135.879,1389.02
1300.59,-135.409,1389.15
1300.81,-134.883,1389.21
1300.9,-134.365,1389.21
1300.99,-133.924,1389.22
1301.1,-133.454,1389.25
1301.26,-132.951,1389.21
1301.38,-132.477,1389.23
1301.49,-131.974,1389.2
1301.59,-131.459,1389.22
1301.76,-130.983,1389.23
1301.92,-130.497,1389.21
1302.01,-130.01,1389.21
1302.17,-129.457,1389.23
1302.28,-128.975,1389.18
1302.39,-128.449,1389.14
1302.52,-127.879,1389.15
1302.62,-127.343,1389.15
1302.73,-126.821,1389.09
1302.85,-126.225,1389.06
1302.95,-125.675,1389.02
1303.04,-125.246,1389.01
1303.14,-124.7,1388.95
1303.21,-124.102,1388.89
1303.28,-123.541,1388.81
1303.39,-122.959,1388.69
1303.52,-122.342,1388.62
1303.63,-121.77,1388.49
1303.76,-121.194,1388.42
1303.9,-120.624,1388.36
1304.03,-120.096,1388.31
1304.13,-119.528,1388.24
1304.22,-118.861,1388.16
1304.3,-118.114,1388.04
1304.45,-117.492,1387.92
1304.59,-116.857,1387.79
1304.69,-116.29,1387.65
1304.77,-115.698,1387.56
1304.87,-115.002,1387.36
1304.95,-114.262,1387.22
1305.06,-113.579,1387.1
1305.17,-112.983,1386.92
1305.29,-112.356,1386.8
1305.37,-111.668,1386.64
1305.42,-110.884,1386.54
1305.53,-110.171,1386.47
1305.58,-109.528,1386.25
1305.71,-108.727,1386.07
1305.8,-107.963,1385.94
1305.95,-107.231,1385.93
1306.06,-106.424,1385.89
1306.22,-105.655,1385.81
1306.31,-104.837,1385.77
1306.35,-104.068,1385.61
1306.41,-103.31,1385.45
1306.51,-102.518,1385.31
1306.6,-101.648,1385.19
1306.72,-100.781,1385.07
1306.78,-99.9465,1384.83
1306.89,-99.0712,1384.67
1307.04,-98.1255,1384.56
1307.11,-97.199,1384.44
1307.21,-96.3515,1384.33
1307.31,-95.4219,1384.14
1307.38,-94.4237,1383.97
1307.44,-93.4675,1383.77
1307.57,-92.5577,1383.62
1307.66,-91.6589,1383.35
1307.72,-90.5741,1383.13
1307.82,-89.5895,1382.9
1307.87,-88.6683,1382.69
1307.94,-87.6901,1382.45
1308.02,-86.6347,1382.15
1308.13,-85.5774,1381.92
1308.26,-84.6627,1381.66
1308.28,-83.6261,1381.3
1308.32,-82.5714,1380.91
1308.45,-81.4282,1380.57
1308.45,-80.4068,1380.21
1308.52,-79.3943,1379.84
1308.64,-78.2858,1379.38
1308.69,-77.1241,1378.88
1308.77,-76.0981,1378.42
1308.77,-74.8934,1377.89
1308.83,-73.6602,1377.21
1308.93,-72.5611,1376.59
1308.88,-71.3494,1375.85
1309,-69.9439,1375.15
1309.12,-68.6526,1374.39
1308.95,-67.8715,1372.99
1308.95,-66.5495,1372.01
1308.95,-65.3048,1370.96
1309.06,-64.0424,1369.81
1309.02,-62.6624,1368.64
1309.06,-61.3119,1367.34
1309.05,-59.9399,1365.83
1309.08,-58.4459,1364.36
1309.07,-57.0113,1362.75
1309.07,-55.6045,1360.88
1309.18,-54.2469,1359.17
1309.14,-52.8853,1357.13
1309.1,-51.3932,1355.12
1309.27,-50.0373,1352.86
1309.17,-48.557,1350.58
1309.25,-47.004,1348.05
1309.15,-45.9281,1345.41
1309.29,-43.8194,1343.17
1309.34,-42.3973,1340.27
1309.29,-41.1198,1337.16
1309.22,-39.89,1333.78
1309.63,-37.3699,1330.99
1309.87,-35.0361,1328.02
1309.64,-33.3072,1324.72
1309.06,-31.8651,1321.07
1309.12,-29.9514,1317.7
1308.6,-28.2802,1313.87
1308.35,-26.6244,1309.98
1308.58,-25.1844,1305.69
1309.15,-23.0642,1301.11
1309.1,-20.9653,1297.05
1308.81,-19.0106,1292.84
1308.59,-17.3366,1288.38
1308.38,-15.2374,1283.96
1308.16,-13.1593,1279.42
1307.95,-10.9148,1274.66
1307.82,-8.73673,1270
1307.55,-6.41511,1265.2
1307.41,-4.15201,1260.5
1307.11,-1.85073,1255.6
1306.84,0.552857,1250.72
1306.67,2.90943,1245.82
1306.36,5.42508,1240.78
1305.98,8.12037,1235.68
1305.56,10.8606,1230.61
1305.27,13.6318,1225.55
1304.91,16.4634,1220.46
1304.47,19.4169,1215.33
1304.03,22.5353,1210.22
1303.59,25.3561,1205.07
1303.11,28.549,1199.92
1302.65,31.7026,1194.87
1302.3,34.8994,1189.79
1301.97,37.9512,1184.67
1301.74,41.0568,1179.54
1301.39,45.0057,1174.4
1301.1,48.7845,1169.35
1300.92,52.3054,1164.25
1300.8,55.973,1159.09
1300.52,59.9228,1153.78
1300.26,63.7968,1148.52
1300.16,67.7212,1143.23
1299.92,71.7445,1137.76
1299.79,75.7241,1132.33
1299.62,79.8168,1126.79
1299.33,84.0221,1121.16
1299.12,88.2092,1115.45
1298.95,92.4016,1109.68
1298.75,96.698,1103.89
1298.44,101.019,1097.88
1298.23,105.295,1091.91
1297.95,109.709,1085.75
1297.67,114.171,1079.56
1297.38,118.619,1073.16
1297.11,123.119,1066.71
1296.82,127.666,1060.15
1296.36,132.237,1053.21
1296,136.888,1046.36
1295.64,141.57,1039.38
1295.29,146.245,1032.21
1294.94,150.976,1024.99
1294.56,155.808,1017.72
1294.23,160.639,1010.04
1293.8,165.534,1002.43
1293.3,170.387,994.508
1292.9,175.121,986.514
1292.34,179.752,977.803
1291.9,184.792,969.862
1291.2,189.759,961.247
1290.58,194.403,952.39
1289.82,199.267,943.357
1288.94,204.167,934.117
1288.04,208.984,924.751
1286.98,213.83,915.155
1285.85,219.407,905.602
1284.68,223.919,895.812
1283.47,228.722,885.808
1281.92,233.445,875.686
1280.48,238.45,865.393
1278.98,243.423,855.007
1277.51,248.252,844.589
1275.49,253.332,833.886
1273.86,258.163,823.189
1271.94,263.378,812.534
1269.97,268.475,801.572
1267.94,273.575,790.531
1265.73,278.782,779.359
1263.44,283.956,768.17
1260.85,289.369,756.623
1258.26,294.571,745.273
1255.72,299.82,733.833
1253.09,305.182,722.428