642.464,-935.776,1281.45
646.699,-930.157,1281.77
650.469,-927.033,1283.27
654.352,-923.682,1284.3
657.633,-922.861,1286.46
662.147,-917.509,1286.72
666.025,-913.631,1287.68
669.965,-911.152,1289.23
673.938,-907.372,1290.05
677.934,-903.643,1291.01
682.205,-900.867,1292.34
686.379,-897.606,1293.41
690.534,-894.054,1294.35
694.243,-893.177,1296.41
699.002,-887.925,1296.74
703.293,-883.998,1297.26
707.417,-880.424,1298.12
711.78,-876.716,1298.9
716.083,-873.319,1299.83
720.702,-869.903,1300.72
725.12,-866.131,1301.33
729.609,-862.489,1302.04
734.11,-858.805,1302.76
738.57,-855.196,1303.22
743.152,-851.531,1303.7
747.906,-847.872,1304.33
752.35,-843.789,1304.51
757.028,-840.078,1304.75
761.765,-836.217,1305.14
766.476,-832.217,1305.31
771.175,-828.39,1305.44
776.007,-824.569,1305.68
781,-820.563,1305.81
785.848,-816.747,1305.78
790.697,-812.552,1305.82
795.568,-808.669,1305.62
800.461,-804.533,1305.48
805.571,-800.396,1305.27
810.533,-796.119,1305.09
815.597,-792.001,1304.85
820.606,-788.008,1304.48
825.611,-783.891,1304.34
830.791,-779.664,1303.88
835.794,-775.313,1303.45
841.02,-771.147,1303.05
846.251,-766.802,1302.5
851.505,-762.591,1302.09
856.631,-758.173,1301.45
861.911,-753.773,1300.86
867.198,-749.407,1300.15
872.62,-744.946,1299.49
877.788,-740.377,1298.56
883.098,-736.015,1297.75
888.412,-731.471,1296.86
893.761,-727.09,1296
899.162,-722.573,1295.04
904.537,-718.02,1293.98
909.985,-713.492,1292.87
915.301,-708.683,1291.63
920.697,-704.221,1290.45
926.023,-699.474,1289.37
931.395,-694.641,1288.04
936.763,-689.969,1286.82
942.142,-685.197,1285.47
947.494,-680.397,1284.04
952.909,-675.58,1282.66
958.195,-670.77,1281.25
963.58,-665.877,1279.73
969.027,-661.22,1278.14
974.449,-656.303,1276.65
979.973,-651.542,1274.97
985.259,-646.784,1273.31
990.717,-641.801,1271.69
996.038,-636.812,1270
1001.41,-631.795,1268.22
1006.81,-626.803,1266.34
1012.15,-621.928,1264.69
1017.56,-616.779,1262.84
1022.94,-611.784,1261.03
1028.13,-606.575,1259.23
1033.4,-601.433,1257.39
1038.85,-596.31,1255.55
1044.12,-591.163,1253.75
1049.42,-586.005,1251.89
1054.73,-580.744,1249.96
1059.89,-575.543,1248.19
1065.16,-570.35,1246.27
1070.31,-565.163,1244.4
1075.39,-559.9,1242.51
1080.56,-554.721,1240.77
1085.65,-549.548,1239.06
1090.74,-544.427,1237.33
1095.58,-539.178,1235.72
1100.55,-534.068,1234.15
1105.34,-528.888,1232.78
1110.22,-523.764,1231.38
1115.04,-518.51,1230.11
1119.69,-513.48,1228.97
1124.08,-508.21,1227.93
1128.52,-503.149,1227.01
1133.02,-498.09,1226.26
1137.59,-492.952,1225.44
1142.07,-487.809,1224.61
1146.6,-482.601,1223.91
1151.14,-477.576,1223.39
1155.56,-472.464,1222.84
1159.99,-467.274,1222.36
1164.51,-462.1,1221.96
1168.75,-456.865,1221.56
1173.05,-451.405,1221.18
1177.44,-446.201,1220.99
1181.55,-440.915,1220.83
1185.89,-435.534,1220.84
1190.02,-430.2,1221
1194.21,-424.809,1221.23
1198.46,-419.52,1221.53
1202.28,-414.896,1222.15
1206.42,-409.737,1222.85
1210.45,-404.396,1223.57
1214.41,-399.021,1224.41
1218.43,-393.653,1225.42
1222.47,-388.305,1226.46
1226.58,-382.884,1227.68
1230.64,-377.525,1229.02
1234.6,-372.305,1230.34
1238.59,-366.778,1231.79
1242.67,-361.419,1233.47
1246.66,-356.15,1235.27
1250.59,-350.686,1237
1254.72,-345.296,1238.94
1259.26,-339.25,1240.8
1263.27,-333.785,1242.76
1267.28,-328.393,1244.84
1271.09,-323.106,1247.03
1275.05,-317.71,1249.28
1279.01,-312.349,1251.61
1282.9,-307.058,1254.04
1286.63,-301.833,1256.43
1290.49,-296.472,1259
1294.32,-291.404,1261.56
1297.94,-286.144,1264.27
1301.56,-280.907,1266.95
1305.08,-275.905,1269.67
1308.46,-270.796,1272.41
1311.87,-265.663,1275.31
1315.27,-260.773,1278.09
1318.52,-255.748,1280.89
1321.76,-250.835,1283.79
1324.81,-245.971,1286.73
1327.11,-242.024,1289.82
1330,-237.404,1292.75
1332.8,-232.641,1295.61
1335.64,-227.978,1298.45
1338.33,-223.367,1301.4
1340.97,-218.944,1304.17
1343.44,-214.491,1307.05
1345.79,-210.139,1309.76
1348.13,-205.844,1312.5
1350.41,-201.541,1315.12
1352.58,-197.432,1317.74
1354.72,-193.398,1320.36
1356.75,-189.358,1322.92
1358.61,-185.517,1325.46
1360.42,-181.613,1327.97
1362.14,-177.886,1330.35
1363.82,-174.269,1332.62
1365.41,-170.658,1334.93
1366.9,-167.181,1337.12
1368.28,-163.716,1339.33
1369.89,-160.12,1341.07
1371.24,-156.836,1343.03
1372.5,-153.661,1344.98
1373.64,-150.68,1346.89
1374.48,-147.794,1349.04
1375.58,-144.989,1350.91
1376.5,-142.117,1352.51
1377.34,-139.316,1354.11
1378.4,-136.449,1355.15
1379.13,-133.933,1357.2
1380.11,-131.229,1358.8
1380.66,-128.636,1359.99
1381.18,-126.343,1360.63
1381.66,-123.908,1362.24
1382.1,-121.587,1363.3
1382.46,-119.459,1364.46
1382.67,-117.306,1365.21
1382.88,-115.209,1365.38
1382.93,-113.314,1366.82
1383.13,-111.602,1367.77
1383.07,-109.809,1368.34
1383.03,-108.242,1369.02
1383,-106.566,1368.94
1382.75,-105.345,1369.69
1382.65,-103.959,1370.15
1382.18,-102.835,1370.55
1381.92,-101.551,1371.09
1381.57,-100.598,1371.43
1381.21,-99.5743,1371.91
1380.75,-98.7313,1372.62
1380.28,-98.0122,1372.91
1379.66,-97.4613,1372.56
1379.15,-96.6847,1373.29
1378.57,-96.105,1373.56
1377.89,-95.6902,1372.99
1377.38,-95.262,1373.75
1376.7,-94.9769,1373.93
1375.93,-94.7633,1374.04
1375.25,-94.5964,1374.14
1374.49,-94.464,1374.3
1373.72,-94.2761,1373.85
1373.06,-94.147,1373.94
1372.38,-94.0411,1374.11
1371.62,-94.0347,1374.36
1370.83,-94.077,1374.61
1369.93,-94.4091,1375.27
1369.17,-94.5863,1375.6
1368.46,-94.7126,1375.89
1367.69,-94.9043,1376.11
1366.85,-95.126,1376.36
1366.08,-95.3575,1376.67
1365.37,-95.6506,1377.04
1364.71,-95.8814,1377.31
1363.97,-96.2416,1377.69
1363.14,-96.5961,1378
1362.35,-97.0042,1378.33
1361.73,-97.3551,1378.66
1361.01,-97.8036,1379.08
1360.3,-98.2379,1379.44
1359.66,-98.6843,1379.83
1359.08,-99.1489,1380.31
1358.46,-99.6664,1380.71
1357.74,-100.191,1381.04
1357.21,-100.739,1381.46
1356.74,-101.422,1381.82
1356.4,-102.019,1382.16
1355.94,-102.43,1382.5
1355.47,-103.036,1382.82
1355.13,-103.669,1383.12
1354.88,-104.178,1383.37
1354.58,-104.809,1383.55
1354.37,-105.384,1383.7
1354.29,-105.817,1383.81
1354.25,-106.471,1384
1354.2,-107.093,1384.18
1354.16,-107.706,1384.27
1354.24,-108.287,1384.32
1354.29,-108.781,1384.37
1354.29,-109.32,1384.38
1354.42,-109.967,1384.38
1354.4,-110.808,1384.2
1354.48,-111.396,1383.97
1354.66,-111.953,1383.83
1354.87,-112.464,1383.69
1355.63,-112.177,1383.32
1356.01,-112.691,1383.12
1356.27,-113.413,1382.89
1356.66,-114.045,1382.61
1357,-114.548,1382.17
1357.27,-115.044,1381.85
1357.64,-115.617,1381.48
1358.15,-116.17,1381.2
1358.57,-116.833,1380.68
1359,-117.376,1380.25
1359.41,-117.975,1379.67
1359.84,-118.507,1379.15
1360.17,-119.105,1378.63
1360.75,-119.775,1378.05
1361.31,-120.424,1377.47
1361.84,-121.007,1376.87
1362.34,-121.584,1376.29
1362.82,-122.285,1375.61
1363.39,-123.016,1374.92
1363.92,-123.672,1374.27
1364.46,-124.358,1373.57
1365.09,-125.197,1372.74
1365.61,-126.007,1372.09
1366.29,-126.777,1371.28
1366.74,-127.531,1370.35
1367.37,-128.194,1369.53
1367.91,-129.074,1368.71
1368.5,-129.904,1367.73
1369.15,-130.727,1366.98
1369.7,-131.628,1366.02
1370.31,-132.576,1365.18
1371.03,-133.353,1364.31
1371.61,-134.295,1363.41
1372.27,-135.236,1362.43
1372.83,-136.173,1361.47
1373.44,-137.015,1360.57
1374.13,-137.845,1359.65
1374.74,-138.857,1358.68
1375.46,-139.66,1357.69
1376.07,-140.528,1356.85
1376.7,-141.546,1355.84
1377.32,-142.497,1355.02
1377.98,-143.356,1354.04
1378.69,-144.313,1353.09
1379.47,-145.039,1352.4
1380.1,-145.91,1351.36
1380.73,-146.627,1350.52
1381.53,-147.468,1349.75
1382.3,-148.311,1348.83
1383.09,-148.887,1348.1
1383.77,-149.654,1347.34
1384.49,-150.454,1346.47
1385.37,-151.083,1345.83
1386.23,-151.672,1345.12
1386.98,-152.407,1344.39
1387.76,-153.27,1343.66
1388.61,-153.862,1343.03
1389.36,-154.505,1342.32
1390.19,-155.312,1341.67
1391.03,-155.995,1341.1
1391.86,-156.604,1340.5
1392.61,-157.124,1339.85
1393.34,-157.784,1339.21
1394.34,-158.363,1338.72
1395.08,-158.934,1338.04
1395.85,-159.512,1337.34
1396.65,-159.894,1336.83
1397.49,-160.323,1336.22
1398.24,-160.768,1335.49
1399.02,-161.126,1334.86
1399.75,-161.564,1334.23
1400.6,-161.926,1333.71
1401.37,-162.24,1333
1402.16,-162.434,1332.32
1402.91,-162.638,1331.62
1403.56,-162.8,1330.98
1404.37,-163.029,1330.34
1405.14,-163.228,1329.67
1405.82,-163.461,1328.92
1406.4,-163.525,1328.13
1407.08,-163.635,1327.48
1407.69,-163.743,1326.71
1408.35,-163.887,1325.92
1408.84,-163.92,1325.02
1409.58,-164.002,1324.31
1410.16,-163.889,1323.62
1410.74,-163.885,1322.9
1411.35,-163.928,1322.07
1411.84,-163.915,1321.32
1412.31,-163.846,1320.5
1412.78,-163.854,1319.77
1413.16,-163.884,1319.02
1413.53,-163.878,1318.2
1413.9,-163.877,1317.43
1414.32,-163.742,1316.69
1414.83,-163.522,1316.04
1415.23,-163.463,1315.4
1415.49,-163.41,1314.68
1415.73,-163.46,1313.98
1415.94,-163.505,1313.24
1416.12,-163.493,1312.66
1416.31,-163.479,1312.1
1416.49,-163.515,1311.55
1416.63,-163.571,1311.01
1416.91,-163.613,1310.62
1416.98,-163.742,1310.16
1417,-163.891,1309.77
1417.06,-163.943,1309.45
1417.02,-164.082,1309.17
1416.95,-164.33,1308.9
1416.79,-164.68,1308.69
1416.5,-164.979,1308.44
1416.23,-165.517,1308.26
1415.99,-165.963,1308.13
1415.67,-166.499,1308.03
1415.3,-166.993,1307.98
1414.67,-167.738,1307.94
1414.25,-168.376,1307.91
1413.69,-168.961,1307.9
1413.22,-169.425,1307.97
1412.71,-170.054,1308.04
1412.08,-170.628,1308.17
1411.34,-171.453,1308.21
1410.55,-172.149,1308.23
1409.97,-172.671,1308.33
1409.16,-173.346,1308.28
1408.47,-173.934,1308.38
1407.72,-174.501,1308.38
1406.77,-175.37,1308.39
1405.82,-176.023,1308.46
1404.92,-176.592,1308.54
1404.04,-177.103,1308.57
1403.03,-177.751,1308.64
1402.01,-178.385,1308.6
1400.98,-178.982,1308.66
1399.85,-179.653,1308.67
1398.69,-180.293,1308.72
1397.38,-181.077,1308.65
1396.24,-181.729,1308.8
1395.03,-182.363,1308.88
1393.77,-182.92,1308.91
1392.54,-183.501,1308.95
1391.31,-184.117,1309.07
1389.96,-184.676,1309.15
1388.56,-185.308,1309.25
1387.23,-185.943,1309.39
1385.84,-186.634,1309.51
1384.42,-187.181,1309.62
1383.06,-187.633,1309.8
1381.69,-188.18,1309.89
1380.23,-188.645,1310.02
1378.83,-189.125,1310.23
1377.28,-189.62,1310.25
1375.81,-190.103,1310.42
1374.2,-190.56,1310.53
1372.67,-190.983,1310.76
1371.19,-191.547,1310.97
1369.54,-191.967,1311.12
1367.89,-192.412,1311.2
1366.36,-192.992,1311.44
1364.65,-193.481,1311.63
1362.97,-194.013,1311.8
1361.34,-194.457,1312.04
1359.61,-194.937,1312.21
1357.87,-195.431,1312.49
1356.09,-195.943,1312.69
1354.3,-196.486,1312.81
1352.43,-197.019,1313.02
1350.61,-197.554,1313.27
1348.8,-198.069,1313.43
1347.06,-198.511,1313.62
1345.22,-199.024,1313.81
1343.51,-199.583,1314.03
1341.58,-200.12,1314.18
1339.85,-200.613,1314.43
1337.86,-201.202,1314.63
1335.98,-201.784,1314.82
1334.19,-202.375,1315.07
1332.23,-202.938,1315.26
1330.45,-203.607,1315.57
1328.68,-204.202,1315.87
1326.86,-204.816,1316.07
1325.05,-205.462,1316.35
1323.18,-205.997,1316.67
1321.36,-206.667,1316.94
1319.67,-207.295,1317.27
1317.81,-207.934,1317.53
1316.05,-208.628,1317.81
1314.34,-209.387,1318.14
1312.49,-210.046,1318.47
1310.8,-210.745,1318.71
1309.03,-211.44,1318.99
1307.32,-212.2,1319.26
1305.73,-212.897,1319.54
1304.08,-213.607,1319.92
1302.44,-214.332,1320.18
1300.85,-215.108,1320.51
1299.33,-215.83,1320.75
1297.79,-216.537,1321.08
1296.34,-217.371,1321.43
1294.92,-218.131,1321.72
1293.46,-218.915,1322.08
1292.11,-219.67,1322.49
1290.75,-220.414,1322.84
1289.39,-221.188,1323.18
1288.01,-221.949,1323.44
1286.75,-222.768,1323.87
1285.58,-223.542,1324.2
1284.3,-224.308,1324.55
1283.11,-225.1,1324.83
1281.9,-225.886,1325.16
1280.78,-226.581,1325.43
1279.69,-227.4,1325.76
1278.69,-228.194,1326.08
1277.61,-228.993,1326.44
1276.57,-229.707,1326.72
1275.64,-230.475,1327.12
1274.66,-231.175,1327.5
1273.75,-231.871,1327.83
1272.88,-232.614,1328.17
1272,-233.439,1328.56
1271.28,-234.26,1328.96
1270.55,-235.021,1329.45
1269.78,-235.777,1329.82
1269.07,-236.502,1330.23
1268.38,-237.274,1330.68
1267.86,-238.083,1331.18
1267.27,-238.891,1331.62
1266.63,-239.681,1332.06
1266.09,-240.432,1332.5
1265.46,-241.196,1332.92
1264.94,-241.946,1333.31
1264.47,-242.724,1333.71
1263.97,-243.582,1334.11
1263.52,-244.35,1334.56
1263.12,-245.163,1334.96
1262.77,-245.89,1335.29
1262.44,-246.7,1335.74
1262.24,-247.517,1336.1
1261.95,-248.353,1336.39
1261.8,-249.152,1336.7
1261.52,-249.933,1336.91
1261.32,-250.714,1337.15
1261.25,-251.512,1337.4
1261.23,-252.289,1337.64
1261.21,-253.031,1337.79
1261.18,-253.719,1337.86
1261.34,-254.438,1337.91
1261.45,-255.083,1338.02
1261.53,-255.81,1338.09
1261.84,-256.493,1338.02
1262.18,-257.183,1337.91
1262.56,-257.72,1337.74
1262.94,-258.286,1337.55
1263.06,-258.968,1337.42
1263.25,-259.594,1337.3
1263.42,-260.153,1337.23
1263.72,-260.771,1337.12
1264.01,-261.272,1337
1264.14,-261.74,1336.86
1264.36,-262.235,1336.63
1264.46,-262.737,1336.47
1264.68,-263.152,1336.24
1264.86,-263.544,1336.02
1265.17,-263.874,1335.83
1265.39,-264.202,1335.61
1266,-264.506,1335.13
1266.53,-264.725,1334.72
1266.69,-264.993,1334.49
1266.99,-265.257,1334.16
1267.38,-265.461,1333.8
1267.96,-265.626,1333.38
1268.34,-265.767,1333.01
1268.85,-265.976,1332.63
1269.27,-266.102,1332.27
1269.75,-266.321,1331.87
1270.28,-266.401,1331.48
1270.85,-266.53,1330.9
1271.35,-266.582,1330.43
1271.62,-266.741,1330.19
1272.15,-266.749,1329.71
1272.71,-266.76,1329.2
1273.2,-266.79,1328.86
1273.39,-266.808,1328.5
1273.91,-266.807,1327.9
1274.31,-266.87,1327.37
1274.6,-266.843,1326.96
1275.01,-266.818,1326.48
1275.56,-266.72,1325.97
1275.92,-266.655,1325.46
1276.35,-266.595,1325.01
1276.81,-266.46,1324.5
1277.27,-266.347,1324.02
1277.7,-266.114,1323.42
1278.08,-265.955,1322.92
1278.44,-265.835,1322.49
1278.88,-265.689,1321.99
1279.23,-265.487,1321.53
1279.54,-265.349,1321.04
1279.94,-265.109,1320.68
1280.31,-264.907,1320.23
1280.62,-264.661,1319.79
1280.94,-264.515,1319.45
1281.21,-264.283,1319.06
1281.46,-264.077,1318.68
1281.75,-263.864,1318.34
1282.09,-263.628,1318.04
1282.3,-263.402,1317.74
1282.54,-263.096,1317.47
1282.76,-262.82,1317.32
1282.96,-262.58,1317.1
1283.14,-262.264,1316.97
1283.29,-262.038,1316.84
1283.47,-261.695,1316.75
1283.63,-261.453,1316.66
1283.75,-261.193,1316.59
1283.83,-260.886,1316.58
1283.95,-260.615,1316.57
1284.02,-260.373,1316.62
1284.07,-260.095,1316.69
1284.05,-259.803,1316.74
1284.07,-259.622,1316.96
1284.07,-259.402,1317.14
1284.05,-259.165,1317.33
1283.93,-258.978,1317.58
1283.76,-258.734,1317.85
1283.65,-258.556,1318.09
1283.42,-258.315,1318.34
1283.18,-258.104,1318.58
1282.89,-257.901,1318.93
1282.66,-257.739,1319.3
1282.31,-257.573,1319.71
1281.92,-257.386,1320.05
1281.58,-257.277,1320.44
1281.27,-257.22,1320.88
1280.85,-257.158,1321.25
1280.49,-257.065,1321.7
1280.04,-256.984,1322.17
1279.61,-256.991,1322.74
1279.21,-256.902,1323.17
1278.76,-256.858,1323.69
1278.26,-256.849,1324.18
1277.73,-256.803,1324.62
1277.29,-256.744,1325.18
1276.81,-256.668,1325.69
1276.4,-256.548,1326.2
1275.89,-256.461,1326.8
1275.45,-256.391,1327.37
1275.08,-256.297,1327.83
1274.73,-256.176,1328.37
1274.3,-256.079,1329
1273.98,-255.972,1329.59
1273.81,-255.881,1330.19
1273.48,-255.768,1330.79
1273.19,-255.681,1331.37
1272.94,-255.565,1332.05
1272.76,-255.404,1332.71
1272.6,-255.262,1333.41
1272.3,-255.09,1334.07
1272.14,-254.956,1334.7
1271.92,-254.741,1335.4
1271.77,-254.595,1336.08
1271.59,-254.452,1336.76
1271.41,-254.233,1337.43
1271.2,-254.021,1337.95
1271.03,-253.801,1338.53
1270.86,-253.678,1339.17
1270.74,-253.492,1339.78
1270.53,-253.387,1340.46
1270.28,-253.179,1341.04
1270.04,-253.004,1341.54
1269.82,-252.831,1342.08
1269.6,-252.589,1342.56
1269.4,-252.396,1343.06
1269.1,-252.144,1343.51
1268.75,-251.988,1343.85
1268.42,-251.792,1344.19
1268.06,-251.545,1344.48
1267.71,-251.304,1344.89
1267.33,-251.126,1345.2
1266.99,-250.925,1345.46
1266.68,-250.771,1345.73
1266.33,-250.65,1346.01
1265.93,-250.511,1346.25
1265.56,-250.341,1346.39
1265.11,-250.166,1346.53
1264.69,-250.03,1346.66
1264.34,-249.888,1346.74
1263.99,-249.701,1346.88
1263.48,-249.557,1346.98
1262.98,-249.428,1347.04
1262.53,-249.267,1347.13
1262.15,-249.136,1347.2
1261.65,-248.996,1347.19
1261.13,-248.87,1347.31
1260.59,-248.701,1347.36
1260.15,-248.618,1347.43
1259.7,-248.547,1347.45
1259.23,-248.486,1347.53
1258.74,-248.468,1347.58
1258.19,-248.42,1347.62
1257.71,-248.355,1347.64
1257.29,-248.279,1347.65
1256.86,-248.247,1347.62
1256.41,-248.169,1347.6
1256,-248.101,1347.69
1255.42,-248.056,1347.67
1254.89,-248.028,1347.71
1254.46,-248.008,1347.77
1253.94,-247.956,1347.85
1253.57,-247.944,1347.92
1253.18,-247.903,1348.01
1252.75,-247.885,1348.09
1252.32,-247.899,1348.25
1251.9,-247.877,1348.37
1251.5,-247.902,1348.46
1251.07,-247.868,1348.57
1250.71,-247.808,1348.64
1250.39,-247.796,1348.79
1250.02,-247.773,1348.93
1249.68,-247.773,1349.14
1249.35,-247.742,1349.34
1248.99,-247.729,1349.52
1248.71,-247.676,1349.63
1248.37,-247.611,1349.83
1248.13,-247.542,1349.99
1247.73,-247.449,1350.18
1247.47,-247.369,1350.36
1247.21,-247.326,1350.56
1246.89,-247.292,1350.75
1246.64,-247.286,1350.96
1246.43,-247.262,1351.09
1246.18,-247.199,1351.25
1245.95,-247.121,1351.39
1245.67,-247.097,1351.49
1245.46,-247.08,1351.63
1245.24,-246.986,1351.75
1245.04,-246.952,1351.84
1244.8,-246.877,1351.92
1244.58,-246.841,1352
1244.39,-246.782,1352.08
1244.19,-246.686,1352.14
1244.02,-246.554,1352.23
1243.85,-246.508,1352.37
1243.63,-246.381,1352.43
1243.41,-246.301,1352.5
1243.3,-246.231,1352.52
1243.14,-246.09,1352.57
1242.98,-246.017,1352.55
1242.89,-245.871,1352.5
1242.71,-245.695,1352.5
1242.57,-245.527,1352.52
1242.53,-245.311,1352.51
1242.48,-245.169,1352.5
1242.42,-244.908,1352.49
1242.45,-244.713,1352.47
1242.35,-244.485,1352.44
1242.37,-244.327,1352.41
1242.41,-244.051,1352.32
1242.38,-243.81,1352.21
1242.35,-243.558,1352.18
1242.4,-243.275,1352.11
1242.51,-243.015,1352.05
1242.58,-242.72,1351.96
1242.66,-242.45,1351.8
1242.76,-242.203,1351.69
1242.87,-241.93,1351.55
1242.9,-241.62,1351.4
1243.05,-241.336,1351.27
1243.16,-240.975,1351.13
1243.3,-240.703,1351
1243.47,-240.335,1350.84
1243.53,-239.992,1350.69
1243.63,-239.622,1350.52
1243.8,-239.257,1350.33
1243.88,-238.907,1350.12
1244.03,-238.628,1349.96
1244.17,-238.361,1349.77
1244.36,-238.083,1349.63
1244.51,-237.749,1349.45
1244.73,-237.519,1349.3
1244.89,-237.214,1349.12
1244.98,-236.916,1348.94
1245.13,-236.588,1348.74
1245.24,-236.252,1348.57
1245.3,-235.923,1348.39
1245.41,-235.598,1348.19
1245.52,-235.306,1348
1245.65,-234.989,1347.82
1245.75,-234.693,1347.62
1245.9,-234.432,1347.45
1245.98,-234.121,1347.3
1246.13,-233.819,1347.09
1246.3,-233.624,1346.95
1246.33,-233.356,1346.77
1246.49,-233.096,1346.6
1246.67,-232.745,1346.47
1246.82,-232.447,1346.29
1246.95,-232.19,1346.14
1247.07,-231.919,1345.95
1247.2,-231.639,1345.81
1247.23,-231.341,1345.66
1247.39,-231.058,1345.53
1247.47,-230.767,1345.4
1247.53,-230.495,1345.32
1247.58,-230.178,1345.16
1247.71,-229.946,1345.07
1247.82,-229.651,1344.94
1247.99,-229.335,1344.82
1248.05,-229.006,1344.65
1248.18,-228.755,1344.57
1248.27,-228.508,1344.51
1248.34,-228.206,1344.43
1248.45,-227.904,1344.33
1248.55,-227.631,1344.27
1248.6,-227.291,1344.26
1248.66,-227.01,1344.22
1248.8,-226.699,1344.18
1248.9,-226.321,1344.16
1249,-225.993,1344.16
1249.15,-225.643,1344.18
1249.28,-225.29,1344.12
1249.41,-224.954,1344.09
1249.51,-224.561,1344.09
1249.68,-224.216,1344.09
1249.87,-223.872,1344.14
1249.95,-223.509,1344.04
1250.15,-223.198,1344.04
1250.29,-222.833,1344.09
1250.44,-222.424,1344.1
1250.59,-222.05,1344.14
1250.71,-221.723,1344.13
1250.9,-221.388,1344.18
1251.05,-221.008,1344.22
1251.2,-220.609,1344.22
1251.34,-220.229,1344.23
1251.47,-219.847,1344.3
1251.65,-219.467,1344.36
1251.78,-219.04,1344.43
1251.96,-218.618,1344.43
1252.08,-218.196,1344.47
1252.28,-217.775,1344.58
1252.45,-217.359,1344.66
1252.61,-216.953,1344.69
1252.75,-216.551,1344.69
1252.88,-216.137,1344.72
1253.06,-215.727,1344.81
1253.19,-215.362,1344.89
1253.33,-214.891,1344.86
1253.48,-214.438,1344.97
1253.61,-214.026,1345.07
1253.81,-213.529,1345.15
1253.96,-213.067,1345.24
1254.18,-212.623,1345.31
1254.32,-212.143,1345.39
1254.46,-211.693,1345.48
1254.62,-211.233,1345.51
1254.73,-210.71,1345.48
1254.93,-210.301,1345.57
1255.13,-209.868,1345.66
1255.28,-209.377,1345.63
1255.43,-208.89,1345.63
1255.52,-208.447,1345.73
1255.7,-207.999,1345.82
1255.85,-207.448,1345.8
1255.96,-206.942,1345.89
1256.08,-206.498,1345.99
1256.17,-205.918,1345.96
1256.3,-205.344,1345.96
1256.43,-204.907,1345.99
1256.56,-204.442,1345.91
1256.69,-203.885,1345.89
1256.97,-203.396,1345.97
1257.1,-202.901,1345.92
1257.18,-202.315,1345.87
1257.34,-201.78,1345.87
1257.5,-201.244,1345.89
1257.64,-200.674,1345.87
1257.8,-200.102,1345.91
1257.89,-199.533,1345.89
1258.08,-198.981,1345.94
1258.15,-198.419,1345.9
1258.27,-197.782,1345.84
1258.34,-197.152,1345.8
1258.44,-196.599,1345.75
1258.58,-196.074,1345.73
1258.8,-195.435,1345.7
1258.94,-194.863,1345.69
1259.06,-194.233,1345.64
1259.12,-193.492,1345.59
1259.3,-192.828,1345.55
1259.42,-192.234,1345.56
1259.52,-191.515,1345.52
1259.67,-190.883,1345.5
1259.75,-190.121,1345.45
1259.88,-189.364,1345.37
1259.98,-188.685,1345.37
1260.13,-188.017,1345.35
1260.31,-187.342,1345.39
1260.41,-186.604,1345.36
1260.51,-185.927,1345.41
1260.61,-185.111,1345.43
1260.73,-184.48,1345.41
1260.89,-183.759,1345.41
1260.95,-182.977,1345.41
1261.11,-182.213,1345.41
1261.3,-181.349,1345.42
1261.41,-180.684,1345.42
1261.54,-179.82,1345.51
1261.59,-179.179,1345.51
1261.68,-178.287,1345.5
1261.72,-177.629,1345.56
1261.89,-176.792,1345.55
1261.94,-176.084,1345.59
1262,-175.373,1345.62
1262.04,-174.659,1345.65
1262.11,-173.93,1345.69
1262.19,-173.037,1345.66
1262.28,-172.217,1345.6
1262.37,-171.356,1345.61
1262.4,-170.415,1345.63
1262.54,-169.504,1345.6
1262.62,-168.539,1345.51
1262.7,-167.716,1345.49
1262.76,-166.741,1345.47
1262.76,-165.88,1345.41
1262.91,-164.91,1345.31
1263.01,-164.047,1345.25
1263.08,-163.043,1345.25
1263.2,-162.014,1345.15
1263.32,-161.029,1345.01
1263.43,-160.011,1344.9
1263.51,-159.045,1344.72
1263.56,-158.071,1344.61
1263.66,-157.077,1344.31
1263.7,-156.063,1344.03
1263.16,-155.71,1343.82
1263.12,-154.738,1343.54
1263.2,-153.58,1343.24
1263.46,-152.523,1342.62
1263.17,-150.822,1342.62
1263.14,-149.473,1342.24
1263.25,-148.343,1341.62
1263.45,-147.183,1340.89
1263.82,-146.05,1340.02
1264.5,-144.95,1338.77
1264.67,-143.814,1337.86
1264.9,-142.76,1336.98
1264.97,-141.608,1335.96
1265.13,-140.242,1334.83
1265.35,-139.049,1333.65
1265.67,-137.866,1332.42
1265.84,-136.599,1331
1266.11,-135.296,1329.41
1266.11,-134.648,1327.85
1266.25,-133.327,1326.21
1266.56,-131.891,1324.37
1266.96,-130.762,1322.76
1267.29,-129.399,1320.78
1267.71,-127.796,1318.67
1268.19,-126.588,1316.84
1268.83,-125.103,1314.63
1269.35,-123.676,1312.48
1269.88,-122.01,1310.04
1270.35,-120.408,1307.6
1271.03,-118.632,1305.01
1271.75,-116.857,1302.34
1272.37,-115.112,1299.71
1273.12,-113.018,1296.74
1273.62,-111.133,1293.93
1274.56,-109.271,1291.21
1275.6,-107.535,1288.74
1276.69,-105.633,1285.94
1277.54,-103.297,1282.48
1278.32,-100.788,1278.67
1279.17,-98.1531,1275
1279.98,-95.5164,1271.54
1280.91,-92.8382,1268.27
1282.01,-90.2764,1265.5
1283.06,-87.5145,1262.02
1284.02,-84.5023,1258.5
1285.02,-81.5673,1254.77
1285.99,-78.3357,1251.17
1287.05,-75.1223,1247.26
1288,-71.8054,1243.37
1289.12,-68.4911,1239.34
1290.24,-65.0932,1235.24
1291.28,-61.5146,1230.92
1292.48,-57.9683,1226.7
1293.62,-54.3804,1222.32
1294.73,-50.7467,1217.83
1295.89,-47.0536,1213.25
1297.04,-43.3371,1208.47
1298.29,-39.4505,1203.73
1299.47,-35.6329,1198.91
1300.67,-31.6432,1193.91
1301.87,-27.4919,1188.54
1303.37,-23.2632,1183.89
1304.62,-19.0655,1178.62
1305.69,-14.8815,1173.15
1306.89,-10.4989,1167.62
1307.89,-6.1768,1162.03
1308.69,-2.12303,1155.98
1309.67,2.07441,1150.09
1310.88,6.45807,1144.3
1312.09,11.0486,1138.22
1313.01,15.7249,1131.75
1313.86,20.1023,1125.27
1314.84,24.6362,1118.62
1315.55,29.0234,1111.72
1316.2,33.1383,1104.83
1316.85,37.7685,1097.39
1317.52,42.4411,1089.97
1317.94,47.0441,1082.47
1318.53,51.727,1074.81
1318.97,56.3321,1067.08
1319.41,61.0637,1058.99
1319.82,65.7339,1050.83
1320.15,70.5534,1042.62
1320.47,75.3928,1034.14
1320.7,80.1015,1025.51
1321,84.9846,1016.72
1321.14,89.7982,1007.73
1321.3,94.7829,998.684
1321.49,99.6744,989.275
1321.67,104.629,979.907
1321.78,109.606,970.281
1321.81,114.734,960.475
1321.85,119.709,950.501
1321.71,124.898,940.593
1321.64,130.134,930.361
1321.48,135.344,920.06
1321.28,140.618,909.637
1320.97,145.975,899.105
1320.55,151.324,888.481
1320.21,156.731,877.666
1319.62,162.357,866.765
1318.99,167.823,855.888
1318.06,173.346,844.482
1317.24,178.898,833.284
1316.25,184.56,821.866
1315.12,190.209,810.389
1313.9,195.694,798.764
1312.57,201.001,787.548
1310.93,206.668,775.008
1309.29,212.426,763.037
1307.63,218.193,751.153